<?xml version="1.0" encoding="UTF-8"?>
<!--

DO NOT ALTER OR REMOVE COPYRIGHT NOTICES OR THIS HEADER.

Copyright (c) 2012-2013 Oracle and/or its affiliates. All rights reserved.

The contents of this file are subject to the terms of either the GNU
General Public License Version 2 only ("GPL") or the Common Development
and Distribution License("CDDL") (collectively, the "License").  You
may not use this file except in compliance with the License.  You can
obtain a copy of the License at
http://glassfish.java.net/public/CDDL+GPL_1_1.html
or packager/legal/LICENSE.txt.  See the License for the specific
language governing permissions and limitations under the License.

When distributing the software, include this License Header Notice in each
file and include the License file at packager/legal/LICENSE.txt.

GPL Classpath Exception:
Oracle designates this particular file as subject to the "Classpath"
exception as provided by Oracle in the GPL Version 2 section of the License
file that accompanied this code.

Modifications:
If applicable, add the following below the License Header, with the fields
enclosed by brackets [] replaced by your own identifying information:
"Portions Copyright [year] [name of copyright owner]"

Contributor(s):
If you wish your version of this file to be governed by only the CDDL or
only the GPL Version 2, indicate your decision by adding "[Contributor]
elects to include this software in this distribution under the [CDDL or GPL
Version 2] license."  If you don't indicate a single choice of license, a
recipient has the option to distribute your version of this file under
either the CDDL, the GPL Version 2 or to extend the choice of license to
its licensees as provided above.  However, if you add GPL Version 2 code
and therefore, elected the GPL Version 2 license, then the option applies
only if the new code is made subject to such option by the copyright
holder.

        -->
<!DOCTYPE book [
<!ENTITY % ents SYSTEM "docbook.ent">
%ents;
]>
<chapter version="5.0" xml:id="jaxb-2-0-overview" xml:lang="en"
         xmlns="http://docbook.org/ns/docbook"
         xmlns:xlink="http://www.w3.org/1999/xlink"
         xmlns:xi="http://www.w3.org/2001/XInclude"
         xmlns:ns5="http://www.w3.org/1999/xhtml"
         xmlns:ns3="http://www.w3.org/2000/svg"
         xmlns:ns="http://docbook.org/ns/docbook"
         xmlns:m="http://www.w3.org/1998/Math/MathML">
    <title>Overview</title>

    <para>The <trademark>Java</trademark> Architecture for XML Binding (JAXB)
    provides an API and tools that automate the mapping between XML documents
    and Java objects.</para>

    <para>The JAXB framework enables developers to perform the following
    operations:</para>

    <itemizedlist>
        <listitem>
            <para><emphasis role="bold">Unmarshal</emphasis> XML content into
            a Java representation</para>
        </listitem>

        <listitem>
            <para><emphasis role="bold">Access</emphasis> and <emphasis
            role="bold">update</emphasis> the Java representation</para>
        </listitem>

        <listitem>
            <para><emphasis role="bold">Marshal</emphasis> the Java
            representation of the XML content into XML content</para>
        </listitem>
    </itemizedlist>

    <para>JAXB gives Java developers an efficient and standard way of mapping
    between XML and Java code. Java developers using JAXB are more productive
    because they can write less code themselves and do not have to be experts
    in XML. JAXB makes it easier for developers to extend their applications
    with XML and Web Services technologies.</para>

    <section xml:id="documentation">
        <title>Documentation</title>

        <para>Documentation for this release consists of the following:</para>

        <itemizedlist>
            <listitem>
                <para><xref linkend="jaxb-2-0-release-notes"
                xrefstyle="select:title" /></para>
            </listitem>

            <listitem>
                <para>Running the binding compiler (XJC): [<xref
                linkend="tools-xjc" xrefstyle="select:title" />, <xref
                linkend="tools-xjc-ant-task"
                xrefstyle="select:title" />]</para>
            </listitem>

            <listitem>
                <para>Running the schema generator (schemagen): [<xref
                linkend="tools-schemagen" xrefstyle="select:title" />, <xref
                linkend="tools-schemagen-ant-task"
                xrefstyle="select:title" />]</para>
            </listitem>

            <listitem>
                <para><xref linkend="users-guide"
                xrefstyle="select:title" /></para>
            </listitem>

            <listitem>
                <para><link
                xlink:href="api/">Javadoc
                API documentation (javax.xml.bind.*)</link></para>
            </listitem>

            <listitem>
                <para><xref linkend="jaxb-2-0-sample-apps"
                xrefstyle="select:title" /></para>
            </listitem>

            <listitem>
                <para>JAXB FAQs [<xref linkend="faq"
                xrefstyle="select:title" />, <link
                xlink:href="http://java.sun.com/xml/jaxb/faq.html">java.sun.com</link>]</para>
            </listitem>
        </itemizedlist>
    </section>

    <section xml:id="license">
        <title>Software Licenses</title>

        <itemizedlist>
            <listitem>
                <para>2013 Oracle Corporation
                and/or its affiliates. All rights reserved.</para>
            </listitem>

            <listitem>
                <para>The JAXB RI &jaxb.release.impl.version;&jaxb.release.impl.version.suffix; Release is covered
                by <link xlink:href="license.txt">the dual license between
                Common Development and Distribution License (CDDL) and GNU
                Public License v2 + classpath exception</link></para>
            </listitem>

            <listitem>
                <para>Additional copyright notices and license terms
                applicable to portions of the software are set forth in the
                <link xlink:href="ThirdPartyLicense.txt">3rd Party
                License README</link></para>
            </listitem>
        </itemizedlist>
    </section>

    <xi:include href="jaxb-2-0-sample-apps.xml" />
</chapter>
