<?xml version="1.0" encoding="UTF-8"?>
<!--

DO NOT ALTER OR REMOVE COPYRIGHT NOTICES OR THIS HEADER.

Copyright (c) 2012-2014 Oracle and/or its affiliates. All rights reserved.

The contents of this file are subject to the terms of either the GNU
General Public License Version 2 only ("GPL") or the Common Development
and Distribution License("CDDL") (collectively, the "License").  You
may not use this file except in compliance with the License.  You can
obtain a copy of the License at
http://glassfish.java.net/public/CDDL+GPL_1_1.html
or packager/legal/LICENSE.txt.  See the License for the specific
language governing permissions and limitations under the License.

When distributing the software, include this License Header Notice in each
file and include the License file at packager/legal/LICENSE.txt.

GPL Classpath Exception:
Oracle designates this particular file as subject to the "Classpath"
exception as provided by Oracle in the GPL Version 2 section of the License
file that accompanied this code.

Modifications:
If applicable, add the following below the License Header, with the fields
enclosed by brackets [] replaced by your own identifying information:
"Portions Copyright [year] [name of copyright owner]"

Contributor(s):
If you wish your version of this file to be governed by only the CDDL or
only the GPL Version 2, indicate your decision by adding "[Contributor]
elects to include this software in this distribution under the [CDDL or GPL
Version 2] license."  If you don't indicate a single choice of license, a
recipient has the option to distribute your version of this file under
either the CDDL, the GPL Version 2 or to extend the choice of license to
its licensees as provided above.  However, if you add GPL Version 2 code
and therefore, elected the GPL Version 2 license, then the option applies
only if the new code is made subject to such option by the copyright
holder.

        -->
<!DOCTYPE book [
        <!ENTITY % ents SYSTEM "docbook.ent">
        %ents;
        ]>
<chapter version="5.0" xml:id="jaxb-2-0-release-notes" xml:lang="en"
         xmlns="http://docbook.org/ns/docbook"
         xmlns:xlink="http://www.w3.org/1999/xlink"
         xmlns:xi="http://www.w3.org/2001/XInclude"
        >
    <title>Release Notes</title>

    <para>This document contains information that should help you use this
        software library more effectively. See the
        <xref linkend="faq"
              xrefstyle="select:title"/>
        for additional information.
    </para>

    <para>The most up-to-date version of this document can be found<link
            xlink:href="http://jaxb.java.net/">on-line</link>.
    </para>

    <section xml:id="section-2232462900667844">
        <title>
            <trademark>Java</trademark>
            2 Platform, Standard Edition (<trademark>J2SE</trademark>)
            Requirements
        </title>

        <para>This release of the JAXB Reference Implementation requires Java SE 6 or higher.</para>
    </section>

    <section xml:id="jars">
        <title>Identifying the JAR Files</title>

        <informaltable frame="all">
            <tgroup cols="3" colsep="1" rowsep="1">
                <thead>
                    <row>
                        <entry>
                            <para>Use</para>
                        </entry>

                        <entry>
                            <para>Description</para>
                        </entry>

                        <entry>
                            <para>Jars</para>
                        </entry>
                    </row>
                </thead>

                <tbody>
                    <row>
                        <entry>
                            <emphasis role="bold">Runtime</emphasis>
                        </entry>

                        <entry><para>Jars required to deploy a JAXB 2.x client</para></entry>

                        <entry>
                            <para>
                                <filename>jaxb-api.jar</filename>,
                                <filename>jaxb-core.jar</filename>,
                                <filename>jaxb-impl.jar</filename>,
                            </para>
                        </entry>
                    </row>

                    <row>
                        <entry><emphasis role="bold">Compiler</emphasis></entry>

                        <entry>
                            <para>Jars required at your development environment (but not runtime)</para>
                        </entry>

                        <entry>
                            <para>
                                <filename>jaxb-api.jar</filename>,
                                <filename>jaxb-core.jar</filename>,
                                <filename>jaxb-impl.jar</filename>,
                                <filename>jaxb-xjc.jar</filename>
                            </para>
                        </entry>
                    </row>
                </tbody>
            </tgroup>
        </informaltable>
    </section>

    <section xml:id="section-141747963608015">
        <title>Locating the Normative Binding Schema</title>

        <para>You may find information about the normative binding schema
            defined in the JAXB Specification at<link
                    xlink:href="http://java.sun.com/xml/ns/jaxb">http://java.sun.com/xml/ns/jaxb</link>.
        </para>
    </section>

    <xi:include href="jaxb-2-0-changelog.xml"/>
</chapter>
