<?xml version="1.0" encoding="UTF-8"?>
<!--

DO NOT ALTER OR REMOVE COPYRIGHT NOTICES OR THIS HEADER.

Copyright (c) 2012-2014 Oracle and/or its affiliates. All rights reserved.

The contents of this file are subject to the terms of either the GNU
General Public License Version 2 only ("GPL") or the Common Development
and Distribution License("CDDL") (collectively, the "License").  You
may not use this file except in compliance with the License.  You can
obtain a copy of the License at
http://glassfish.java.net/public/CDDL+GPL_1_1.html
or packager/legal/LICENSE.txt.  See the License for the specific
language governing permissions and limitations under the License.

When distributing the software, include this License Header Notice in each
file and include the License file at packager/legal/LICENSE.txt.

GPL Classpath Exception:
Oracle designates this particular file as subject to the "Classpath"
exception as provided by Oracle in the GPL Version 2 section of the License
file that accompanied this code.

Modifications:
If applicable, add the following below the License Header, with the fields
enclosed by brackets [] replaced by your own identifying information:
"Portions Copyright [year] [name of copyright owner]"

Contributor(s):
If you wish your version of this file to be governed by only the CDDL or
only the GPL Version 2, indicate your decision by adding "[Contributor]
elects to include this software in this distribution under the [CDDL or GPL
Version 2] license."  If you don't indicate a single choice of license, a
recipient has the option to distribute your version of this file under
either the CDDL, the GPL Version 2 or to extend the choice of license to
its licensees as provided above.  However, if you add GPL Version 2 code
and therefore, elected the GPL Version 2 license, then the option applies
only if the new code is made subject to such option by the copyright
holder.

        -->
<!DOCTYPE book [
        <!ENTITY % ents SYSTEM "docbook.ent">
        %ents;
        ]>
<section xmlns:xlink="http://www.w3.org/1999/xlink"
         version="5.0"
         xml:id="deployment-which-jaxb-ri-is-included-in-which-jdk"
         xml:lang="en"
         xmlns="http://docbook.org/ns/docbook">
    <title>Which JAXB RI is included in which JDK?</title>

    <para>This table captures the history of the JAXB RI integration into JDK.
        This is for information purposes only. In particular, the JAXB RI in JDK
        is package renamed to avoid any conflict with the stand-alone JAXB RI
        distribution or with the jaxb2-reflection library. You can use any version
        of these with any version of JDK without worrying about implementation
        conflicts.
    </para>

    <informaltable frame="all">
        <tgroup cols="2" colsep="1" rowsep="1">
            <tbody>
                <row>
                    <entry>
                        <para>JDK6 first release - JDK6 u3</para>
                    </entry>

                    <entry>
                        <link xlink:href="/2.0.3/">JAXB RI 2.0.3</link>
                    </entry>
                </row>

                <row>
                    <entry>
                        <para>JDK6 u4</para>
                    </entry>

                    <entry>
                        <link xlink:href="/2.1.3/">JAXB RI 2.1.3</link>
                    </entry>
                </row>

                <row>
                    <entry>
                        <para>JDK6 u14</para>
                    </entry>

                    <entry>
                        <link xlink:href="/2.1.10/">JAXB RI 2.1.10</link>
                    </entry>
                </row>

                <row>
                    <entry>
                        <para>JDK7 first release</para>
                    </entry>

                    <entry>
                        <link xlink:href="/2.2.4-1/">JAXB RI 2.2.4-1</link>
                    </entry>
                </row>
                <row>
                    <entry><para>JDK8 first release</para></entry>
                    <entry>JAXB RI 2.2.8 (b130911.1802)</entry> <!--TODO: add link to 2.2.8 release-->
                </row>
            </tbody>
        </tgroup>
    </informaltable>
</section>
